Player ID,Player Name,Type,Rank,Player Name,PLayer First Name,Player Last Name,Player Use Name,Player Last Initial,Team ID,Team Abbreviation,Team Name,Team Short Name,League Name,League ID,Position,Position,Primary Position Abbreviation,Plate Appearances,Total Bases,Left on Base,Sacrifice Bunts,Sacrifice Flies,BABIP,Extra Base Hits,HBP,GIDP,GIDP Opponent,Total Pitches,Pitches/Plate Appearance,BB/PA,SO/Plate Appearance,HR/Plate Appearance,BB/SO,ISO,ROE,Walk Offs,Flyouts,Total Swings,Swing and Misses,Balls in Play,Pop Outs,Line Outs,Ground Outs,Fly Hits,Pop Hits,Line Hits,Ground Hits,Games Played,Air Outs,Runs,2B,3B,HR,SO,BB,IBB,Hits,Batting Average,AB,OBP,SLG,OPS,Caught Stealing,SB,Stolen Base %,GIDP,RBI,GO/Air Outs,Catchers Interference,AB/HR
592450,Aaron Judge,player,1,Aaron Judge,Aaron,Judge,Aaron,A Judge,147,NYY,New York Yankees,Yankees,AL,103,CF,Outfielder,CF,704,392,238,0,2,.367,95,9,22,129,2885,4.098,.189,.243,.082,.778,.379,6,0,83,1213,372,390,16,29,82,68,0,72,40,158,128,122,36,1,58,171,133,20,180,.322,559,.458,.701,1.159,0,10,1.000,22,144,0.64,1,9.64
660271,Shohei Ohtani,player,2,Shohei Ohtani,Shohei,Ohtani,Shohei,S Ohtani,119,LAD,Los Angeles Dodgers,Dodgers,NL,104,DH,Designated Hitter,TWP,731,411,236,0,5,.336,99,6,7,92,2838,3.882,.111,.222,.074,.500,.336,6,2,88,1343,397,479,26,44,124,62,0,85,50,159,158,134,38,7,54,162,81,10,197,.310,636,.390,.646,1.036,4,59,.937,7,130,0.78,3,11.78
665742,Juan Soto,player,3,Juan Soto,Juan,Soto,Juan,J Soto,147,NYY,New York Yankees,Yankees,AL,103,RF,Outfielder,RF,713,328,203,0,4,.298,76,4,10,95,2960,4.151,.181,.167,.058,1.084,.281,4,1,77,1093,237,461,22,34,162,51,0,71,44,157,133,128,31,4,41,119,129,2,166,.288,576,.419,.569,.988,4,7,.636,10,109,1.22,0,14.05
677951,Bobby Witt Jr.,player,4,Bobby Witt Jr.,Robert,Witt,Bobby,B Witt Jr.,118,KC,Kansas City Royals,Royals,AL,103,SS,Shortstop,SS,709,374,181,0,8,.354,88,8,4,92,2600,3.667,.080,.150,.045,.538,.256,6,0,124,1330,296,538,37,44,122,40,0,91,80,161,205,125,45,11,32,106,57,9,211,.332,636,.389,.588,.977,12,31,.721,4,109,0.60,0,19.88
670541,Yordan Alvarez,player,5,Yordan Alvarez,Yordan,Alvarez,Yordan,Y Alvarez,117,HOU,Houston Astros,Astros,AL,103,DH,Designated Hitter,LF,635,313,216,0,4,.317,71,10,14,102,2264,3.565,.109,.150,.055,.726,.259,3,0,125,1080,215,461,29,39,98,42,1,71,56,147,193,88,34,2,35,95,69,16,170,.308,552,.392,.567,.959,0,6,1.000,14,86,0.51,0,15.77
665489,Vladimir Guerrero Jr.,player,6,Vladimir Guerrero Jr.,Vladimir,Guerrero,Vladimir,V Guerrero Jr.,141,TOR,Toronto Blue Jays,Blue Jays,AL,103,1B,First Base,1B,697,335,225,0,4,.342,75,5,16,101,2602,3.733,.103,.138,.043,.750,.221,2,0,71,1249,268,524,22,47,185,40,0,94,65,159,140,98,44,1,30,96,72,12,199,.323,616,.396,.544,.940,2,2,.500,16,103,1.32,0,20.53
606466,Ketel Marte,player,7,Ketel Marte,Ketel,Marte,Ketel,K Marte,109,AZ,Arizona Diamondbacks,D-backs,NL,104,2B,Second Base,2B,583,282,172,0,9,.299,61,5,9,67,2146,3.681,.111,.182,.062,.613,.268,4,0,66,1032,220,407,19,29,146,35,1,58,53,136,114,93,23,2,36,106,65,7,147,.292,504,.372,.560,.932,1,7,.875,9,95,1.28,0,14.00
667670,Brent Rooker,player,8,Brent Rooker,Terry,Rooker,Brent,B Rooker,133,OAK,Oakland Athletics,Athletics,AL,103,DH,Designated Hitter,LF,614,307,207,0,4,.362,67,5,5,70,2378,3.873,.096,.288,.064,.333,.269,4,0,78,1193,407,373,30,23,82,50,2,64,44,145,131,82,26,2,39,177,59,4,160,.293,546,.365,.562,.927,3,11,.786,5,112,0.63,0,14.00
542303,Marcell Ozuna,player,9,Marcell Ozuna,Marcell,Ozuna,Marcell,M Ozuna,144,ATL,Atlanta Braves,Braves,NL,104,DH,Designated Hitter,DH,688,331,240,0,4,.359,70,3,23,87,2875,4.179,.108,.247,.057,.435,.244,2,0,87,1345,421,440,13,36,121,52,1,84,46,162,136,96,31,0,39,170,74,2,183,.302,606,.378,.546,.924,0,1,1.000,23,104,0.89,1,15.54
547180,Bryce Harper,player,10,Bryce Harper,Bryce,Harper,Bryce,B Harper,143,PHI,Philadelphia Phillies,Phillies,NL,104,1B,First Base,1B,631,289,213,1,2,.331,72,2,18,105,2469,3.913,.120,.219,.048,.551,.240,3,2,87,1303,347,415,17,40,114,39,0,72,46,145,144,85,42,0,30,138,76,11,157,.285,550,.373,.525,.898,4,7,.636,18,87,0.79,0,18.33
683002,Gunnar Henderson,player,11,Gunnar Henderson,Gunnar,Henderson,Gunnar,G Henderson,110,BAL,Baltimore Orioles,Orioles,AL,103,SS,Shortstop,SS,719,333,210,0,4,.320,75,7,2,70,2896,4.028,.108,.221,.051,.491,.248,2,0,73,1281,312,475,21,49,155,39,0,68,70,159,143,118,31,7,37,159,78,1,177,.281,630,.364,.529,.893,4,21,.840,2,92,1.08,0,17.03
608070,Jose Ramirez,player,12,Jose Ramirez,Jose,Ramirez,Jose,J Ramirez,114,CLE,Cleveland Guardians,Guardians,AL,103,3B,Third Base,3B,682,333,235,0,6,.265,80,1,9,119,2735,4.010,.079,.120,.057,.659,.258,4,0,124,1351,204,544,65,44,138,45,1,79,48,158,233,114,39,2,39,82,54,12,173,.279,620,.335,.537,.872,7,41,.854,9,118,0.59,1,15.90
646240,Rafael Devers,player,13,Rafael Devers,Rafael,Devers,Rafael,R Devers,111,BOS,Boston Red Sox,Red Sox,AL,103,3B,Third Base,3B,601,271,235,0,6,.323,67,3,13,82,2375,3.952,.111,.245,.047,.456,.244,2,1,60,1208,373,384,27,29,125,42,0,67,34,138,116,87,34,5,28,147,67,14,143,.272,525,.354,.516,.870,0,3,1.000,13,83,1.08,0,18.75
608369,Corey Seager,player,14,Corey Seager,Corey,Seager,Corey,C Seager,140,TEX,Texas Rangers,Rangers,AL,103,SS,Shortstop,SS,533,243,150,0,2,.291,51,3,8,70,1872,3.512,.099,.180,.056,.552,.234,0,0,86,993,232,381,12,41,110,33,0,53,46,123,139,68,21,0,30,96,53,11,132,.278,475,.353,.512,.865,1,1,.500,8,74,0.79,0,15.83
605141,Mookie Betts,player,15,Mookie Betts,Markus,Betts,Mookie,M Betts,119,LAD,Los Angeles Dodgers,Dodgers,NL,104,SS,Shortstop,SS,516,221,138,0,4,.294,48,1,10,58,2047,3.967,.118,.110,.037,1.070,.202,1,1,108,826,123,397,34,44,81,32,0,71,27,116,186,75,24,5,19,57,61,2,130,.289,450,.372,.491,.863,2,16,.889,10,75,0.44,0,23.68
518692,Freddie Freeman,player,16,Freddie Freeman,Frederick,Freeman,Freddie,F Freeman,119,LAD,Los Angeles Dodgers,Dodgers,NL,104,1B,First Base,1B,638,258,237,0,8,.306,59,10,13,84,2522,3.953,.122,.157,.034,.780,.194,2,0,103,1245,251,450,12,43,139,37,0,81,35,147,158,81,35,2,22,100,78,9,153,.282,542,.378,.476,.854,2,9,.818,13,89,0.88,0,24.64
656941,Kyle Schwarber,player,17,Kyle Schwarber,Kyle,Schwarber,Kyle,K Schwarber,143,PHI,Philadelphia Phillies,Phillies,NL,104,DH,Designated Hitter,DH,692,278,183,0,8,.301,60,5,6,44,2852,4.121,.153,.285,.055,.538,.237,3,0,71,1139,365,384,29,30,112,39,1,57,45,150,130,110,22,0,38,197,106,4,142,.248,573,.366,.485,.851,3,5,.625,6,104,0.86,0,15.08
673548,Seiya Suzuki,player,18,Seiya Suzuki,Seiya,Suzuki,Seiya,S Suzuki,112,CHC,Chicago Cubs,Cubs,NL,104,RF,Outfielder,RF,585,247,220,0,4,.370,54,6,6,90,2509,4.289,.108,.274,.036,.394,.199,0,1,94,994,244,356,19,26,72,27,1,69,48,132,139,74,27,6,21,160,63,3,145,.283,512,.366,.482,.848,6,16,.727,6,73,0.52,0,24.38
596019,Francisco Lindor,player,19,Francisco Lindor,Francisco,Lindor,Francisco,F Lindor,121,NYM,New York Mets,Mets,NL,104,SS,Shortstop,SS,689,309,223,0,3,.295,73,12,7,85,2713,3.938,.081,.184,.048,.441,.227,4,1,116,1315,313,494,37,42,130,39,1,87,42,152,195,107,39,1,33,127,56,0,169,.273,618,.344,.500,.844,4,29,.879,7,91,0.67,0,18.73
606192,Teoscar Hernandez,player,20,Teoscar Hernandez,Teoscar,Hernandez,Teoscar,T Hernandez,119,LAD,Los Angeles Dodgers,Dodgers,NL,104,LF,Outfielder,LF,652,295,285,0,1,.344,67,8,7,67,2608,4.000,.081,.288,.051,.282,.229,8,2,62,1334,453,402,18,35,127,45,1,54,60,154,115,84,32,2,33,188,53,3,160,.272,589,.339,.501,.840,3,12,.800,7,99,1.10,1,17.85
595777,Jurickson Profar,player,21,Jurickson Profar,Jurickson,Profar,Jurickson,J Profar,135,SD,San Diego Padres,Padres,NL,104,LF,Outfielder,3B,668,259,193,5,5,.302,53,18,14,102,2739,4.100,.114,.151,.036,.752,.179,3,1,90,1242,211,473,37,33,155,31,0,78,49,158,160,94,29,0,24,101,76,4,158,.280,564,.380,.459,.839,3,10,.769,14,85,0.97,0,23.50
680776,Jarren Duran,player,22,Jarren Duran,Jarren,Duran,Jarren,J Duran,111,BOS,Boston Red Sox,Red Sox,AL,103,CF,Outfielder,CF,735,330,205,1,3,.345,83,6,6,55,2844,3.869,.073,.218,.029,.338,.207,10,1,67,1370,340,515,32,53,172,41,2,79,69,160,152,111,48,14,21,160,54,1,191,.285,671,.342,.492,.834,7,34,.829,6,75,1.13,0,31.95
661388,William Contreras,player,23,William Contreras,William,Contreras,William,W Contreras,158,MIL,Milwaukee Brewers,Brewers,NL,104,C,Catcher,C,679,277,224,0,3,.330,62,3,19,86,2677,3.943,.115,.205,.034,.561,.185,3,1,59,1268,352,459,24,34,175,30,0,64,73,155,117,99,37,2,23,139,78,5,167,.281,595,.365,.466,.831,2,9,.818,19,92,1.50,0,25.87
682985,Riley Greene,player,24,Riley Greene,Riley,Greene,Riley,R Greene,116,DET,Detroit Tigers,Tigers,AL,103,LF,Outfielder,LF,584,245,187,0,2,.329,57,5,2,65,2415,4.135,.110,.267,.041,.410,.217,3,0,64,1069,285,358,14,28,118,35,0,61,38,137,106,82,27,6,24,156,64,3,134,.262,512,.348,.479,.827,2,4,.667,2,74,1.11,1,21.33
701538,Jackson Merrill,player,25,Jackson Merrill,Jackson,Merrill,Jackson,J Merrill,135,SD,San Diego Padres,Padres,NL,104,CF,Outfielder,CF,593,277,245,4,5,.318,61,1,2,94,2214,3.734,.049,.170,.040,.287,.208,3,2,117,1256,258,462,19,45,119,36,0,75,51,156,181,77,31,6,24,101,29,1,162,.292,554,.326,.500,.826,3,16,.842,2,90,0.66,0,23.08
623993,Anthony Santander,player,26,Anthony Santander,Anthony,Santander,Anthony,A Santander,110,BAL,Baltimore Orioles,Orioles,AL,103,RF,Outfielder,RF,665,301,272,0,5,.225,71,7,9,101,2738,4.117,.087,.194,.066,.450,.271,1,1,113,1362,272,471,65,39,114,46,1,63,30,155,217,91,25,2,44,129,58,3,140,.235,595,.308,.506,.814,0,2,1.000,9,102,0.53,0,13.52
682829,Elly De La Cruz,player,27,Elly De La Cruz,Elly,De La Cruz,Elly,E De La Cruz,113,CIN,Cincinnati Reds,Reds,NL,104,SS,Shortstop,SS,696,291,228,2,1,.359,71,6,12,85,2751,3.953,.099,.313,.036,.317,.212,7,0,69,1180,397,403,13,28,133,31,0,72,57,160,110,105,36,10,25,218,69,2,160,.259,618,.339,.471,.810,16,67,.807,12,76,1.21,0,24.72
607208,Trea Turner,player,28,Trea Turner,Trea,Turner,Trea,T Turner,143,PHI,Philadelphia Phillies,Phillies,NL,104,SS,Shortstop,SS,539,237,197,0,1,.331,46,6,10,85,2043,3.790,.050,.182,.039,.276,.174,5,1,77,1098,287,408,21,34,127,31,0,53,65,121,132,88,25,0,21,98,27,0,149,.295,505,.338,.469,.807,4,19,.826,10,62,0.96,0,24.05
572233,Christian Walker,player,29,Christian Walker,Christian,Walker,Christian,C Walker,109,AZ,Arizona Diamondbacks,D-backs,NL,104,1B,First Base,1B,552,224,230,0,8,.287,52,10,12,68,2315,4.194,.100,.241,.047,.414,.217,0,1,80,1112,285,354,27,33,94,33,1,46,40,130,140,72,26,0,26,133,55,4,120,.251,479,.335,.468,.803,2,2,.500,12,84,0.67,0,18.42
592518,Manny Machado,player,30,Manny Machado,Manuel,Machado,Manny,M Machado,135,SD,San Diego Padres,Padres,NL,104,3B,Third Base,3B,643,280,287,0,4,.302,59,1,25,112,2387,3.712,.070,.193,.045,.363,.197,3,1,76,1232,300,473,38,46,150,28,0,80,55,152,160,77,30,0,29,124,45,6,163,.275,593,.325,.472,.797,2,11,.846,25,105,0.94,0,20.45
642715,Willy Adames,player,31,Willy Adames,Willy,Adames,Willy,W Adames,158,MIL,Milwaukee Brewers,Brewers,NL,104,SS,Shortstop,SS,688,282,285,0,3,.297,65,1,12,92,2733,3.972,.108,.251,.047,.428,.211,3,1,106,1350,399,440,43,36,102,54,1,64,34,161,185,93,33,0,32,173,74,3,153,.251,610,.331,.462,.793,4,21,.840,12,112,0.55,0,19.06
680757,Steven Kwan,player,31,Steven Kwan,Steven,Kwan,Steven,S Kwan,114,CLE,Cleveland Guardians,Guardians,AL,103,LF,Outfielder,LF,540,204,131,2,0,.304,33,5,5,56,2165,4.009,.098,.094,.026,1.039,.133,2,0,102,843,68,431,27,45,117,20,1,75,44,122,174,83,16,3,14,51,53,0,140,.292,480,.368,.425,.793,5,12,.706,5,44,0.67,0,34.29
656305,Matt Chapman,player,33,Matt Chapman,Matt,Chapman,Matt,M Chapman,137,SF,San Francisco Giants,Giants,NL,104,3B,Third Base,3B,647,266,248,0,2,.293,68,6,13,84,2706,4.182,.099,.244,.042,.405,.216,6,0,91,1207,284,419,42,26,118,28,0,71,43,154,159,98,39,2,27,158,64,3,142,.247,575,.328,.463,.791,2,15,.882,13,78,0.74,0,21.30
694192,Jackson Chourio,player,33,Jackson Chourio,Jackson,Chourio,Jackson,J Chourio,158,MIL,Milwaukee Brewers,Brewers,NL,104,LF,Outfielder,LF,573,245,200,1,2,.320,54,3,7,74,2103,3.670,.068,.211,.037,.322,.189,4,0,75,1026,278,410,14,35,141,25,1,63,56,148,124,80,29,4,21,121,39,4,145,.275,528,.327,.464,.791,7,22,.759,7,79,1.14,0,25.14
671218,Heliot Ramos,player,33,Heliot Ramos,Heliot,Ramos,Heliot,H Ramos,137,SF,San Francisco Giants,Giants,NL,104,CF,Outfielder,CF,518,223,194,0,4,.329,48,2,12,73,2011,3.882,.071,.261,.042,.274,.200,7,0,60,1012,290,344,18,33,105,33,0,51,44,121,111,54,23,3,22,135,37,2,128,.269,475,.322,.469,.791,1,6,.857,12,72,0.95,0,21.59
668804,Bryan Reynolds,player,33,Bryan Reynolds,Bryan,Reynolds,Bryan,B Reynolds,134,PIT,Pittsburgh Pirates,Pirates,NL,104,LF,Outfielder,LF,692,278,231,0,3,.330,56,10,7,102,2604,3.763,.082,.225,.035,.365,.172,9,0,84,1313,386,469,11,45,158,41,0,72,58,156,140,73,29,3,24,156,57,3,171,.275,622,.344,.447,.791,2,10,.833,7,88,1.13,0,25.92
621566,Matt Olson,player,37,Matt Olson,Matthew,Olson,Matt,M Olson,144,ATL,Atlanta Braves,Braves,NL,104,1B,First Base,1B,685,274,275,0,5,.293,67,9,15,100,2947,4.302,.104,.248,.042,.418,.210,3,0,93,1464,385,435,34,34,126,39,0,79,30,162,161,78,37,1,29,170,71,5,148,.247,600,.333,.457,.790,0,0,.---,15,98,0.78,0,20.69
514888,Jose Altuve,player,38,Jose Altuve,Jose,Altuve,Jose,J Altuve,117,HOU,Houston Astros,Astros,AL,103,2B,Second Base,2B,682,276,193,0,0,.337,51,7,15,85,2454,3.598,.069,.174,.029,.395,.145,3,1,89,1250,277,509,26,56,153,43,0,76,66,153,171,94,31,0,20,119,47,2,185,.295,628,.350,.439,.789,7,22,.759,15,65,0.89,0,31.40
624413,Pete Alonso,player,39,Pete Alonso,Peter,Alonso,Pete,P Alonso,121,NYM,New York Mets,Mets,NL,104,1B,First Base,1B,695,279,291,0,4,.276,65,13,14,86,2780,4.000,.101,.247,.049,.407,.219,2,0,86,1192,295,440,37,31,140,38,1,62,45,162,154,91,31,0,34,172,70,4,146,.240,608,.329,.459,.788,0,3,1.000,14,88,0.91,0,17.88
553993,Eugenio Suarez,player,39,Eugenio Suarez,Eugenio,Suarez,Eugenio,E Suarez,109,AZ,Arizona Diamondbacks,D-backs,NL,104,3B,Third Base,3B,640,268,266,0,11,.309,60,9,10,93,2542,3.972,.077,.275,.047,.278,.214,3,1,89,1200,349,406,29,41,101,46,3,66,31,158,159,90,28,2,30,176,49,0,146,.256,571,.319,.469,.788,1,2,.667,10,101,0.64,0,19.03
521692,Salvador Perez,player,41,Salvador Perez,Salvador,Perez,Salvador,S Perez,118,KC,Kansas City Royals,Royals,AL,103,C,Catcher,C,652,269,236,0,6,.302,55,11,17,79,2301,3.529,.067,.198,.041,.341,.185,4,1,116,1330,369,467,36,38,117,42,1,76,41,158,190,58,28,0,27,129,44,9,160,.271,590,.330,.456,.786,0,0,.---,17,104,0.62,1,21.85
664023,Ian Happ,player,42,Ian Happ,Ian,Happ,Ian,I Happ,112,CHC,Chicago Cubs,Cubs,NL,104,LF,Outfielder,LF,657,251,213,0,2,.299,61,6,7,64,2721,4.142,.122,.256,.038,.476,.199,2,0,88,1247,347,403,30,33,114,34,1,59,44,153,151,89,34,2,25,168,80,1,138,.243,569,.341,.441,.782,2,13,.867,7,86,0.75,0,22.76
663886,Tyler Stephenson,player,42,Tyler Stephenson,Tyler,Stephenson,Tyler,T Stephenson,113,CIN,Cincinnati Reds,Reds,NL,104,C,Catcher,C,515,203,172,0,2,.307,46,8,9,53,1947,3.781,.093,.227,.037,.410,.186,4,0,64,842,191,342,13,23,124,29,0,50,39,138,100,69,26,1,19,117,48,2,118,.258,457,.338,.444,.782,0,1,1.000,9,66,1.24,0,24.05
664761,Alec Bohm,player,44,Alec Bohm,Alec,Bohm,Alec,A Bohm,143,PHI,Philadelphia Phillies,Phillies,NL,104,3B,Third Base,3B,606,248,236,0,6,.305,61,6,18,89,2122,3.502,.066,.142,.025,.465,.168,3,0,87,1054,186,474,21,43,168,24,0,79,52,143,151,62,44,2,15,86,40,2,155,.280,554,.332,.448,.780,2,5,.714,18,97,1.11,0,36.93
624585,Jorge Soler,player,44,Jorge Soler,Jorge,Soler,Jorge,J Soler,144,ATL,Atlanta Braves,Braves,NL,104,RF,Outfielder,RF,574,218,230,0,4,.293,56,6,9,77,2361,4.113,.118,.246,.037,.482,.201,6,0,77,1050,300,356,35,18,107,30,0,62,27,142,130,84,34,1,21,141,68,0,119,.241,493,.338,.442,.780,0,1,1.000,9,64,0.82,3,23.48
647304,Josh Naylor,player,46,Josh Naylor,Joshua-Douglas,Naylor,Josh,J Naylor,114,CLE,Cleveland Guardians,Guardians,AL,103,1B,First Base,1B,633,257,249,0,4,.246,58,7,17,74,2284,3.608,.092,.166,.049,.552,.213,4,0,81,1149,257,462,34,38,172,35,0,58,44,152,153,84,27,0,31,105,58,7,137,.243,563,.320,.456,.776,2,6,.750,17,108,1.12,1,18.16
683737,Michael Busch,player,47,Michael Busch,Michael,Busch,Michael,M Busch,112,CHC,Chicago Cubs,Cubs,NL,104,1B,First Base,1B,567,218,218,0,4,.322,51,4,9,76,2365,4.171,.111,.286,.037,.389,.192,2,1,79,1064,303,338,21,13,102,29,1,64,29,152,113,73,28,2,21,162,63,1,123,.248,496,.335,.440,.775,1,2,.667,9,65,0.90,0,23.62
665833,Oneil Cruz,player,48,Oneil Cruz,Oneil,Cruz,Oneil,O Cruz,134,PIT,Pittsburgh Pirates,Pirates,NL,104,SS,Shortstop,SS,599,243,268,0,4,.347,58,3,8,74,2381,3.975,.085,.302,.035,.282,.190,2,2,48,1101,376,364,22,29,125,27,0,63,50,146,99,72,34,3,21,181,51,5,140,.259,541,.324,.449,.773,1,22,.957,8,76,1.26,0,25.76
608324,Alex Bregman,player,49,Alex Bregman,Alexander,Bregman,Alex,A Bregman,117,HOU,Houston Astros,Astros,AL,103,3B,Third Base,3B,634,263,269,0,4,.264,58,5,13,116,2393,3.774,.069,.136,.041,.512,.193,3,1,107,1075,138,499,55,50,136,34,0,71,46,145,212,79,30,2,26,86,44,1,151,.260,581,.315,.453,.768,1,3,.750,13,75,0.64,0,22.35
681297,Colton Cowser,player,49,Colton Cowser,Colton,Cowser,Colton,C Cowser,110,BAL,Baltimore Orioles,Orioles,AL,103,LF,Outfielder,LF,561,223,236,0,3,.317,51,7,9,56,2311,4.119,.093,.307,.043,.302,.204,0,0,70,1023,312,330,11,19,109,31,1,55,34,153,100,77,24,3,24,172,52,2,121,.242,499,.321,.447,.768,4,9,.692,9,69,1.09,0,20.79
673237,Yainer Diaz,player,51,Yainer Diaz,Yainer,Diaz,Yainer,Y Diaz,117,HOU,Houston Astros,Astros,AL,103,C,Catcher,C,619,258,268,0,8,.338,48,2,22,116,2128,3.438,.039,.173,.026,.224,.142,7,1,65,1252,300,486,21,34,191,26,1,90,58,148,120,70,29,3,16,107,24,1,175,.299,585,.325,.441,.766,0,2,1.000,22,84,1.59,0,36.56
608385,Jesse Winker,player,52,Jesse Winker,Jesse,Winker,Jesse,J Winker,121,NYM,New York Mets,Mets,NL,104,RF,Outfielder,LF,508,174,169,2,3,.304,37,10,12,69,2063,4.061,.124,.209,.028,.594,.151,2,1,54,890,175,329,30,22,114,19,0,53,37,145,106,63,23,0,14,106,63,2,109,.253,430,.360,.405,.765,4,14,.778,12,58,1.08,0,30.71
678662,Ezequiel Tovar,player,53,Ezequiel Tovar,Ezequiel,Tovar,Ezequiel,E Tovar,115,COL,Colorado Rockies,Rockies,NL,104,SS,Shortstop,SS,695,307,229,5,7,.344,75,4,16,96,2528,3.637,.033,.288,.037,.115,.200,5,2,121,1567,527,467,33,32,105,36,1,83,56,157,186,83,45,4,26,200,23,1,176,.269,655,.295,.469,.764,5,6,.545,16,78,0.56,1,25.19
686668,Brenton Doyle,player,54,Brenton Doyle,Brenton,Doyle,Brenton,B Doyle,115,COL,Colorado Rockies,Rockies,NL,104,CF,Outfielder,CF,603,242,180,4,8,.316,51,3,13,84,2158,3.579,.076,.254,.038,.301,.186,3,2,86,1102,330,401,18,38,118,31,0,66,44,149,142,82,24,4,23,153,46,1,141,.260,542,.317,.446,.763,5,30,.857,13,72,0.83,0,23.56
671277,Luis Garcia Jr.,player,55,Luis Garcia Jr.,Luis,Garcia,Luis,L Garcia Jr.,120,WSH,Washington Nationals,Nationals,NL,104,2B,Second Base,2B,528,222,197,0,1,.310,44,0,12,59,1883,3.566,.051,.163,.034,.314,.162,3,0,78,967,207,415,11,35,150,26,0,64,51,140,124,58,25,1,18,86,27,2,141,.282,500,.318,.444,.762,5,22,.815,12,70,1.21,0,27.78
663993,Nathaniel Lowe,player,55,Nathaniel Lowe,David,Lowe,Nathaniel,N Lowe,140,TEX,Texas Rangers,Rangers,AL,103,1B,First Base,1B,565,195,198,0,4,.324,33,4,9,73,2356,4.170,.126,.221,.028,.568,.136,2,1,61,1007,207,365,13,34,128,21,0,59,49,140,108,62,16,1,16,125,71,1,129,.265,486,.361,.401,.762,0,2,1.000,9,69,1.19,0,30.38
668709,JJ Bleday,player,57,JJ Bleday,Jeffrey,Bleday,JJ,J Bleday,133,OAK,Oakland Athletics,Athletics,AL,103,CF,Outfielder,CF,642,250,227,1,0,.279,67,2,8,101,2483,3.868,.104,.195,.031,.536,.194,4,1,110,1119,294,448,39,41,119,30,0,72,37,159,190,74,43,4,20,125,67,2,139,.243,572,.324,.437,.761,3,2,.400,8,60,0.63,0,28.60
669394,Jake Burger,player,57,Jake Burger,Jacob,Burger,Jake,J Burger,146,MIA,Miami Marlins,Marlins,NL,104,1B,First Base,3B,579,246,209,0,4,.292,53,9,11,81,2081,3.594,.054,.259,.050,.207,.209,3,1,76,1090,328,389,27,29,123,34,0,52,48,137,132,68,23,1,29,150,31,2,134,.250,535,.301,.460,.761,1,1,.500,11,76,0.93,0,18.45
687263,Zach Neto,player,57,Zach Neto,Zachary,Neto,Zach,Z Neto,108,LAA,Los Angeles Angels,Angels,AL,103,SS,Shortstop,SS,602,240,205,4,1,.295,58,16,14,84,2289,3.802,.065,.233,.038,.279,.194,1,0,83,1111,302,407,27,22,140,36,1,54,44,155,132,70,34,1,23,140,39,1,135,.249,542,.318,.443,.761,10,30,.750,14,77,1.06,0,23.56
686469,Vinnie Pasquantino,player,57,Vinnie Pasquantino,Vincent,Pasquantino,Vinnie,V Pasquantino,118,KC,Kansas City Royals,Royals,AL,103,1B,First Base,1B,554,221,186,1,13,.265,51,4,12,90,2133,3.850,.072,.128,.034,.563,.183,2,0,98,1016,148,439,37,40,134,24,0,63,43,131,175,64,30,2,19,71,40,1,130,.262,496,.315,.446,.761,0,1,1.000,12,97,0.77,0,26.10
665862,Jazz Chisholm Jr.,player,61,Jazz Chisholm Jr.,Jasrado,Chisholm,Jazz,J Chisholm Jr.,147,NYY,New York Yankees,Yankees,AL,103,3B,Third Base,3B,621,245,242,0,2,.309,49,4,6,76,2495,4.018,.085,.245,.039,.349,.180,5,1,65,1164,345,412,24,36,143,38,2,42,62,147,125,74,21,4,24,152,53,5,144,.256,562,.324,.436,.760,10,40,.800,6,73,1.14,0,23.42
669257,Will Smith,player,61,Will Smith,William,Smith,Will,W Smith,119,LAD,Los Angeles Dodgers,Dodgers,NL,104,C,Catcher,C,544,206,206,0,8,.273,46,9,8,70,2271,4.175,.094,.193,.037,.486,.185,2,1,115,1050,219,379,17,35,94,38,0,49,31,128,167,77,24,2,20,105,51,6,118,.248,476,.327,.433,.760,1,1,.500,8,75,0.56,0,23.80
680977,Brendan Donovan,player,63,Brendan Donovan,Brendan,Donovan,Brendan,B Donovan,138,STL,St. Louis Cardinals,Cardinals,NL,104,LF,Outfielder,LF,652,245,228,0,5,.300,51,13,4,79,2487,3.814,.072,.124,.021,.580,.140,2,0,94,1087,161,511,38,53,163,23,1,86,53,153,185,65,34,3,14,81,47,0,163,.278,587,.342,.417,.759,5,5,.500,4,73,0.88,0,41.93
666971,Lourdes Gurriel Jr.,player,64,Lourdes Gurriel Jr.,Lourdes,Gurriel,Lourdes,L Gurriel Jr.,109,AZ,Arizona Diamondbacks,D-backs,NL,104,LF,Outfielder,LF,553,223,220,0,5,.313,42,6,16,88,2083,3.767,.052,.183,.033,.287,.156,1,0,84,1062,213,417,35,38,117,29,1,71,42,133,157,72,22,2,18,101,29,1,143,.279,513,.322,.435,.757,1,7,.875,16,75,0.75,0,28.50
650490,Yandy Diaz,player,65,Yandy Diaz,Yandy,Diaz,Yandy,Y Diaz,139,TB,Tampa Bay Rays,Rays,AL,103,1B,First Base,1B,621,233,160,0,4,.314,46,4,12,58,2460,3.961,.081,.153,.023,.526,.133,5,0,68,1079,153,472,25,24,197,16,1,76,65,145,117,55,31,1,14,95,50,0,158,.281,563,.341,.414,.755,0,0,.---,12,65,1.68,0,40.21
641355,Cody Bellinger,player,66,Cody Bellinger,Cody,Bellinger,Cody,C Bellinger,112,CHC,Chicago Cubs,Cubs,NL,104,RF,Outfielder,CF,569,220,232,0,5,.287,44,3,10,98,2083,3.661,.079,.156,.032,.506,.161,3,0,125,1038,230,432,30,38,102,26,0,53,58,130,193,72,23,3,18,89,45,7,137,.266,516,.325,.426,.751,2,9,.818,10,78,0.53,0,28.67
682998,Corbin Carroll,player,67,Corbin Carroll,Corbin,Carroll,Corbin,C Carroll,109,AZ,Arizona Diamondbacks,D-backs,NL,104,CF,Outfielder,CF,684,252,241,3,9,.256,58,10,3,79,2648,3.871,.107,.190,.032,.562,.197,3,1,78,1083,223,471,57,35,165,26,0,65,45,158,170,121,22,14,22,130,73,0,136,.231,589,.322,.428,.750,8,35,.814,3,74,0.97,0,26.77
663697,Jonathan India,player,68,Jonathan India,Jonathan,India,Jonathan,J India,113,CIN,Cincinnati Reds,Reds,NL,104,2B,Second Base,2B,637,209,153,2,7,.293,45,15,16,53,2652,4.163,.126,.196,.024,.640,.144,3,0,69,1015,195,417,31,44,141,26,0,67,39,151,144,84,28,2,15,125,80,0,132,.248,533,.357,.392,.749,2,13,.867,16,58,0.98,0,35.53
621493,Taylor Ward,player,68,Taylor Ward,Joseph,Ward,Taylor,T Ward,108,LAA,Los Angeles Angels,Angels,AL,103,LF,Outfielder,LF,663,249,208,0,8,.294,53,7,11,66,2599,3.920,.095,.246,.038,.387,.179,4,0,118,1124,287,430,16,52,100,38,0,67,39,156,186,73,26,2,25,163,63,0,144,.246,585,.323,.426,.749,4,6,.600,11,75,0.54,0,23.40
663728,Cal Raleigh,player,70,Cal Raleigh,Caleb,Raleigh,Cal,C Raleigh,136,SEA,Seattle Mariners,Mariners,AL,103,C,Catcher,C,628,238,263,0,6,.251,50,6,7,92,2514,4.003,.111,.280,.054,.398,.216,1,2,96,1313,407,376,41,35,84,42,0,45,33,153,172,73,16,0,34,176,70,4,120,.220,546,.312,.436,.748,1,6,.857,7,100,0.49,0,16.06
467793,Carlos Santana,player,70,Carlos Santana,Carlos,Santana,Carlos,C Santana,142,MIN,Minnesota Twins,Twins,AL,103,1B,First Base,1B,594,219,244,0,2,.252,49,6,11,81,2423,4.079,.109,.167,.039,.657,.182,2,1,94,1049,244,424,47,35,124,28,0,59,37,150,176,63,26,0,23,99,65,3,124,.238,521,.328,.420,.748,0,4,1.000,11,71,0.70,0,22.65
682928,CJ Abrams,player,72,CJ Abrams,Paul,Abrams,CJ,C Abrams,120,WSH,Washington Nationals,Nationals,NL,104,SS,Shortstop,SS,602,234,181,1,4,.285,55,16,4,55,2261,3.756,.066,.213,.033,.313,.187,1,0,84,1200,297,418,36,41,124,33,0,54,46,138,161,79,29,6,20,128,40,3,133,.246,541,.314,.433,.747,12,31,.721,4,65,0.77,0,27.05
592206,Nick Castellanos,player,73,Nick Castellanos,Nicholas,Castellanos,Nick,N Castellanos,143,PHI,Philadelphia Phillies,Phillies,NL,104,RF,Outfielder,RF,659,261,262,0,2,.294,57,10,14,91,2344,3.557,.062,.211,.035,.295,.177,5,4,104,1360,410,469,18,52,141,39,2,74,39,162,174,80,30,4,23,139,41,2,154,.254,606,.311,.431,.742,2,6,.750,14,86,0.81,0,26.35
694671,Wyatt Langford,player,74,Wyatt Langford,Wyatt,Langford,Wyatt,W Langford,140,TEX,Texas Rangers,Rangers,AL,103,LF,Outfielder,LF,557,207,220,0,3,.296,45,4,6,77,2256,4.050,.092,.206,.029,.443,.162,3,3,86,966,221,387,35,30,110,26,0,55,45,134,151,74,25,4,16,115,51,3,126,.253,499,.325,.415,.740,3,19,.864,6,74,0.73,0,31.19
457705,Andrew McCutchen,player,75,Andrew McCutchen,Andrew,McCutchen,Andrew,A McCutchen,134,PIT,Pittsburgh Pirates,Pirates,NL,104,DH,Designated Hitter,DH,515,184,169,0,2,.283,39,7,9,50,2163,4.200,.113,.258,.039,.436,.179,6,0,66,908,262,317,26,24,97,27,0,42,35,120,116,66,18,1,20,133,58,1,104,.232,448,.328,.411,.739,2,3,.600,9,50,0.84,0,22.40
670623,Isaac Paredes,player,75,Isaac Paredes,Isaac,Paredes,Isaac,I Paredes,112,CHC,Chicago Cubs,Cubs,NL,104,3B,Third Base,3B,641,213,226,0,6,.259,45,17,17,87,2853,4.451,.119,.164,.030,.724,.155,3,0,95,1276,220,443,63,42,114,35,0,71,23,153,200,64,25,1,19,105,76,2,129,.238,542,.346,.393,.739,1,1,.500,17,80,0.57,0,28.53
650333,Luis Arraez,player,77,Luis Arraez,Luis,Arraez,Luis,L Arraez,135,SD,San Diego Padres,Padres,NL,104,1B,First Base,1B,672,250,181,2,1,.324,39,8,18,89,2416,3.595,.036,.043,.006,.828,.078,2,1,129,1195,82,611,30,53,199,25,0,116,59,150,212,83,32,3,4,29,24,3,200,.314,637,.346,.392,.738,3,9,.750,18,46,0.94,0,159.25
669127,Shea Langeliers,player,77,Shea Langeliers,Shea,Langeliers,Shea,S Langeliers,133,OAK,Oakland Athletics,Athletics,AL,103,C,Catcher,C,534,217,253,0,6,.252,49,5,15,74,1993,3.732,.077,.272,.054,.283,.226,4,1,67,986,288,343,34,28,106,36,0,49,23,137,129,58,18,2,29,145,41,2,108,.224,482,.288,.450,.738,2,4,.667,15,80,0.82,0,16.62
457759,Justin Turner,player,79,Justin Turner,Justin,Turner,Justin,J Turner,136,SEA,Seattle Mariners,Mariners,AL,103,1B,First Base,3B,539,176,208,0,7,.299,35,13,16,73,2320,4.304,.109,.176,.020,.621,.124,2,1,90,1054,179,372,24,45,94,24,2,66,27,139,159,59,24,0,11,95,59,2,119,.259,460,.354,.383,.737,2,0,.000,16,55,0.59,0,41.82
663837,Matt Vierling,player,80,Matt Vierling,Matthew,Vierling,Matt,M Vierling,116,DET,Detroit Tigers,Tigers,AL,103,CF,Outfielder,CF,567,219,200,0,5,.303,49,3,9,80,2312,4.078,.072,.213,.028,.339,.166,4,1,75,989,193,402,30,41,123,20,2,65,46,144,146,80,28,5,16,121,41,1,133,.257,518,.312,.423,.735,1,6,.857,9,57,0.84,0,32.38
676475,Alec Burleson,player,81,Alec Burleson,Alec,Burleson,Alec,A Burleson,138,STL,St. Louis Cardinals,Cardinals,NL,104,DH,Designated Hitter,RF,595,230,228,1,6,.276,41,4,8,100,2117,3.558,.059,.128,.035,.461,.152,6,0,98,1179,225,478,31,48,154,24,0,74,49,152,177,71,20,0,21,76,35,0,147,.269,547,.314,.420,.734,4,9,.692,8,78,0.87,2,26.05
677594,Julio Rodriguez,player,81,Julio Rodriguez,Julio,Rodriguez,Julio,J Rodriguez,136,SEA,Seattle Mariners,Mariners,AL,103,CF,Outfielder,CF,613,232,228,0,2,.344,37,6,10,85,2385,3.891,.062,.254,.033,.244,.136,7,1,75,1295,400,413,24,30,129,33,2,65,55,143,129,76,17,0,20,156,38,1,155,.273,567,.325,.409,.734,5,24,.828,10,68,1.00,0,28.35
663624,Ryan Mountcastle,player,83,Ryan Mountcastle,Ryan,Mountcastle,Ryan,R Mountcastle,110,BAL,Baltimore Orioles,Orioles,AL,103,1B,First Base,1B,507,201,199,0,6,.327,45,1,13,83,1901,3.750,.053,.225,.026,.237,.154,4,0,63,1067,268,365,17,37,120,23,0,63,42,124,117,54,30,2,13,114,27,0,128,.271,473,.308,.425,.733,0,3,1.000,13,63,1.03,0,36.38
669701,Josh Smith,player,84,Josh Smith,Josh,Smith,Josh,J Smith,140,TEX,Texas Rangers,Rangers,AL,103,3B,Third Base,3B,592,206,189,2,3,.311,44,18,6,70,2327,3.931,.078,.204,.022,.380,.136,3,1,99,1082,238,407,24,33,116,19,1,70,45,149,156,67,30,1,13,121,46,1,135,.258,523,.337,.394,.731,2,11,.846,6,62,0.74,0,40.23
660821,Jesus Sanchez,player,85,Jesus Sanchez,Jesus,Sanchez,Jesus,J Sanchez,146,MIA,Miami Marlins,Marlins,NL,104,RF,Outfielder,RF,537,204,226,1,2,.315,44,4,12,71,1991,3.708,.076,.261,.034,.293,.166,3,1,55,1056,330,352,12,28,133,21,0,58,44,149,95,60,25,1,18,140,41,2,123,.252,489,.313,.417,.730,2,16,.889,12,64,1.40,0,27.17
691026,Masyn Winn,player,85,Masyn Winn,Masyn,Winn,Masyn,M Winn,138,STL,St. Louis Cardinals,Cardinals,NL,104,SS,Shortstop,SS,637,244,215,3,5,.303,52,1,1,73,2558,4.016,.064,.171,.024,.376,.148,3,0,93,1190,226,486,39,57,140,25,0,72,60,150,189,85,32,5,15,109,41,1,157,.267,587,.314,.416,.730,5,11,.688,1,57,0.74,0,39.13
687401,Joey Ortiz,player,87,Joey Ortiz,Joseph,Ortiz,Joey,J Ortiz,158,MIL,Milwaukee Brewers,Brewers,NL,104,3B,Third Base,3B,511,175,184,3,6,.283,42,6,10,70,2124,4.157,.110,.202,.022,.544,.159,1,1,56,833,142,346,32,30,123,15,0,42,48,142,118,58,25,6,11,103,56,0,105,.239,440,.329,.398,.727,6,11,.647,10,60,1.04,0,40.00
607043,Brandon Nimmo,player,88,Brandon Nimmo,Brandon,Nimmo,Brandon,B Nimmo,121,NYM,New York Mets,Mets,NL,104,LF,Outfielder,LF,663,228,217,0,3,.267,51,12,7,64,2747,4.143,.116,.238,.035,.487,.175,5,1,86,1229,288,416,21,43,138,27,0,61,40,151,150,88,25,3,23,158,77,1,128,.224,571,.327,.399,.726,0,15,1.000,7,90,0.92,0,24.83
605137,Josh Bell,player,89,Josh Bell,Joshua,Bell,Josh,J Bell,109,AZ,Arizona Diamondbacks,D-backs,NL,104,1B,First Base,1B,603,218,221,0,3,.286,44,6,22,93,2238,3.711,.085,.199,.032,.425,.156,9,1,71,1093,288,421,24,29,163,28,0,60,46,145,124,62,23,2,19,120,51,1,134,.249,538,.319,.405,.724,1,0,.000,22,71,1.31,5,28.32
656555,Rhys Hoskins,player,90,Rhys Hoskins,Rhys,Hoskins,Rhys,R Hoskins,158,MIL,Milwaukee Brewers,Brewers,NL,104,1B,First Base,1B,517,188,233,0,6,.250,40,7,11,58,2243,4.338,.103,.288,.050,.356,.205,3,0,77,961,251,306,32,21,80,35,0,39,22,131,130,59,14,0,26,149,53,1,96,.214,449,.303,.419,.722,0,3,1.000,11,82,0.62,2,17.27
641857,Ryan McMahon,player,90,Ryan McMahon,Ryan,McMahon,Ryan,R McMahon,115,COL,Colorado Rockies,Rockies,NL,104,3B,Third Base,3B,645,225,197,0,4,.320,48,3,9,61,2723,4.222,.107,.287,.031,.373,.155,2,3,64,1277,382,386,8,38,139,31,0,56,50,153,110,68,28,0,20,185,69,4,137,.242,567,.325,.397,.722,6,4,.400,9,65,1.26,2,28.35
663898,Brendan Rodgers,player,92,Brendan Rodgers,Brendan,Rodgers,Brendan,B Rodgers,115,COL,Colorado Rockies,Rockies,NL,104,2B,Second Base,2B,539,204,190,1,2,.338,43,4,12,59,2079,3.857,.058,.245,.024,.235,.140,3,1,43,1024,265,372,11,28,156,20,0,59,55,135,82,67,29,1,13,132,31,1,134,.267,501,.314,.407,.721,0,1,1.000,12,54,1.90,0,38.54
668715,Spencer Steer,player,92,Spencer Steer,Spencer,Steer,Spencer,S Steer,113,CIN,Cincinnati Reds,Reds,NL,104,LF,Outfielder,LF,656,231,227,0,2,.260,58,8,5,77,2621,3.995,.110,.209,.030,.526,.178,7,0,100,1166,269,439,42,39,129,29,1,62,37,158,181,74,34,4,20,137,72,1,129,.225,574,.319,.402,.721,3,25,.893,5,92,0.71,0,28.70
668227,Randy Arozarena,player,94,Randy Arozarena,Randy,Arozarena,Randy,R Arozarena,136,SEA,Seattle Mariners,Mariners,AL,103,LF,Outfielder,LF,648,213,287,0,4,.275,53,22,7,88,2774,4.281,.113,.261,.031,.432,.169,4,1,79,1136,337,384,34,25,126,27,0,48,45,154,138,77,33,0,20,169,73,0,120,.219,549,.332,.388,.720,10,20,.667,7,60,0.91,0,27.45
571448,Nolan Arenado,player,95,Nolan Arenado,Nolan,Arenado,Nolan,N Arenado,138,STL,St. Louis Cardinals,Cardinals,NL,104,3B,Third Base,3B,635,228,233,0,7,.296,39,5,15,83,2452,3.861,.069,.145,.025,.478,.123,4,2,90,1148,196,493,46,59,141,26,0,78,53,152,195,70,23,0,16,92,44,2,157,.272,578,.325,.394,.719,2,2,.500,15,71,0.72,1,36.12
650489,Willi Castro,player,96,Willi Castro,Willi,Castro,Willi,W Castro,142,MIN,Minnesota Twins,Twins,AL,103,SS,Shortstop,SS,635,215,236,1,4,.315,48,21,8,72,2509,3.951,.080,.236,.019,.340,.138,8,0,84,1285,373,413,23,49,119,28,0,64,46,158,156,89,31,5,12,150,51,0,138,.247,558,.331,.385,.716,9,14,.609,8,60,0.76,0,46.50
502671,Paul Goldschmidt,player,96,Paul Goldschmidt,Paul,Goldschmidt,Paul,P Goldschmidt,138,STL,St. Louis Cardinals,Cardinals,NL,104,1B,First Base,1B,654,248,269,0,2,.308,56,2,20,81,2719,4.157,.072,.265,.034,.272,.169,14,1,74,1297,352,428,24,43,140,41,0,59,47,154,141,70,33,1,22,173,47,2,147,.245,599,.302,.414,.716,0,11,1.000,20,65,0.99,4,27.23
630105,Jake Cronenworth,player,98,Jake Cronenworth,Jacob,Cronenworth,Jake,J Cronenworth,135,SD,San Diego Padres,Padres,NL,104,1B,First Base,1B,656,225,271,1,3,.274,49,11,19,120,2752,4.195,.093,.180,.026,.517,.149,7,1,91,1231,208,463,34,42,157,26,0,68,45,155,167,72,29,3,17,118,61,0,139,.241,577,.324,.390,.714,2,5,.714,19,83,0.94,3,33.94
681351,Logan O'Hoppe,player,99,Logan O'Hoppe,Logan,O'Hoppe,Logan,L O'Hoppe,108,LAA,Los Angeles Angels,Angels,AL,103,C,Catcher,C,522,196,177,1,1,.318,38,8,7,62,1983,3.799,.063,.297,.038,.213,.165,4,1,66,1032,347,326,20,29,94,30,0,57,30,136,115,64,17,1,20,155,33,0,117,.244,479,.303,.409,.712,3,2,.400,7,56,0.82,0,23.95
668939,Adley Rutschman,player,100,Adley Rutschman,Adley,Rutschman,Adley,A Rutschman,110,BAL,Baltimore Orioles,Orioles,AL,103,C,Catcher,C,638,223,213,0,7,.272,41,2,9,106,2593,4.064,.091,.161,.030,.563,.140,2,1,119,1153,197,475,36,49,128,33,0,72,38,148,204,68,21,1,19,103,58,3,143,.250,571,.318,.391,.709,0,1,1.000,9,79,0.63,0,30.05
657041,Lane Thomas,player,100,Lane Thomas,Lane,Thomas,Lane,L Thomas,114,CLE,Cleveland Guardians,Guardians,AL,103,CF,Outfielder,RF,528,189,202,0,5,.298,44,7,5,55,2080,3.939,.083,.259,.028,.321,.163,4,0,67,910,212,340,37,26,98,24,0,53,35,130,130,65,26,3,15,137,44,1,112,.237,472,.309,.400,.709,14,32,.696,5,63,0.75,0,31.47
663538,Nico Hoerner,player,102,Nico Hoerner,Nicholas,Hoerner,Nico,N Hoerner,112,CHC,Chicago Cubs,Cubs,NL,104,2B,Second Base,2B,641,217,201,0,3,.297,43,12,8,74,2314,3.610,.069,.103,.011,.667,.100,6,2,86,1113,130,519,35,70,169,15,0,85,59,151,191,86,35,1,7,66,44,1,159,.273,582,.335,.373,.708,6,31,.838,8,48,0.88,0,83.14
650402,Gleyber Torres,player,102,Gleyber Torres,Gleyber,Torres,Gleyber,G Torres,147,NYY,New York Yankees,Yankees,AL,103,2B,Second Base,2B,665,222,222,2,8,.306,41,3,6,90,2821,4.242,.098,.205,.023,.478,.121,5,0,109,1288,296,461,29,41,131,29,0,83,39,154,179,80,26,0,15,136,65,0,151,.257,587,.330,.378,.708,3,4,.571,6,63,0.73,0,39.13
694384,Nolan Schanuel,player,104,Nolan Schanuel,Nolan,Schanuel,Nolan,N Schanuel,108,LAA,Los Angeles Angels,Angels,AL,103,1B,First Base,1B,607,188,186,3,7,.285,32,9,14,67,2356,3.881,.112,.170,.021,.660,.112,3,0,72,978,140,426,15,52,157,24,0,66,40,147,139,62,19,0,13,103,68,0,130,.250,519,.343,.362,.705,1,10,.909,14,54,1.13,1,39.92
665161,Jeremy Pena,player,105,Jeremy Pena,Jeremy,Pena,Jeremy,J Pena,117,HOU,Houston Astros,Astros,AL,103,SS,Shortstop,SS,650,237,283,3,6,.301,45,14,15,119,2272,3.495,.038,.171,.023,.225,.128,6,1,92,1217,306,500,24,42,182,23,0,67,70,157,158,78,28,2,15,111,25,1,160,.266,602,.308,.394,.702,6,20,.769,15,70,1.15,0,40.13
621020,Dansby Swanson,player,105,Dansby Swanson,James,Swanson,Dansby,D Swanson,112,CHC,Chicago Cubs,Cubs,NL,104,SS,Shortstop,SS,593,208,218,0,3,.300,45,2,7,79,2355,3.971,.091,.243,.027,.375,.148,3,0,66,1148,330,393,21,26,151,25,0,59,45,149,113,82,27,2,16,144,54,2,129,.242,534,.312,.390,.702,3,19,.864,7,66,1.34,0,33.38
662139,Daulton Varsho,player,107,Daulton Varsho,Daulton,Varsho,Daulton,D Varsho,141,TOR,Toronto Blue Jays,Blue Jays,AL,103,CF,Outfielder,CF,513,187,201,1,1,.262,46,4,2,59,2048,3.992,.094,.267,.035,.350,.194,1,0,73,969,263,324,59,20,74,26,0,39,33,136,152,73,21,7,18,137,48,1,98,.214,459,.293,.407,.700,2,10,.833,2,58,0.49,0,25.50
543760,Marcus Semien,player,108,Marcus Semien,Marcus,Semien,Marcus,M Semien,140,TEX,Texas Rangers,Rangers,AL,103,2B,Second Base,2B,718,254,208,0,1,.250,52,3,9,79,2626,3.657,.089,.146,.032,.610,.154,5,1,132,1313,265,546,42,57,161,32,1,66,55,159,231,101,27,2,23,105,64,2,154,.237,650,.308,.391,.699,3,8,.727,9,74,0.70,0,28.26
683734,Andrew Vaughn,player,108,Andrew Vaughn,Andrew,Vaughn,Andrew,A Vaughn,145,CWS,Chicago White Sox,White Sox,AL,103,1B,First Base,1B,619,229,233,0,5,.285,50,6,13,77,2337,3.775,.061,.213,.031,.288,.156,1,0,105,1154,254,443,39,35,124,32,0,61,47,149,179,55,30,1,19,132,38,0,140,.246,570,.297,.402,.699,0,2,1.000,13,70,0.69,0,30.00
690993,Colt Keith,player,110,Colt Keith,Colten,Keith,Colt,C Keith,116,DET,Detroit Tigers,Tigers,AL,103,2B,Second Base,2B,556,196,193,0,2,.306,32,2,4,63,2022,3.637,.065,.198,.023,.327,.120,4,0,78,983,228,408,20,46,130,24,0,60,50,148,144,54,15,4,13,110,36,2,134,.260,516,.309,.380,.689,1,7,.875,4,61,0.90,0,39.69
643217,Andrew Benintendi,player,111,Andrew Benintendi,Andrew,Benintendi,Andrew,A Benintendi,145,CWS,Chicago White Sox,White Sox,AL,103,LF,Outfielder,LF,522,189,194,0,3,.245,40,1,12,74,1995,3.822,.079,.184,.038,.427,.168,1,3,93,952,200,384,25,35,122,29,1,54,25,135,153,50,20,0,20,96,41,1,109,.229,477,.289,.396,.685,2,3,.600,12,64,0.80,0,23.85
666969,Adolis Garcia,player,112,Adolis Garcia,Jose,Garcia,Adolis,A Garcia,140,TEX,Texas Rangers,Rangers,AL,103,RF,Outfielder,RF,637,232,284,0,6,.273,52,6,12,96,2534,3.978,.071,.278,.039,.254,.176,5,0,93,1318,452,409,32,35,119,35,0,55,40,154,160,68,27,0,25,177,45,2,130,.224,580,.284,.400,.684,5,11,.688,12,85,0.74,0,23.20
543807,George Springer,player,113,George Springer,George,Springer,George,G Springer,141,TOR,Toronto Blue Jays,Blue Jays,AL,103,RF,Outfielder,RF,614,202,218,0,2,.245,41,6,16,67,2304,3.752,.098,.187,.031,.522,.150,7,0,70,1131,285,432,25,37,180,26,0,59,35,145,132,74,19,3,19,115,60,0,120,.220,545,.303,.371,.674,1,16,.941,16,56,1.36,1,28.68
681082,Bryson Stott,player,114,Bryson Stott,Bryson,Stott,Bryson,B Stott,143,PHI,Philadelphia Phillies,Phillies,NL,104,2B,Second Base,2B,571,180,209,0,9,.275,32,3,9,90,2307,4.040,.093,.163,.019,.570,.111,3,0,93,1012,172,422,29,44,132,16,2,56,50,148,166,65,19,2,11,93,53,1,124,.245,506,.315,.356,.671,3,32,.914,9,57,0.80,0,46.00
664034,Ty France,player,115,Ty France,Tyler,France,Ty,T France,113,CIN,Cincinnati Reds,Reds,NL,104,1B,First Base,1B,535,175,202,0,5,.277,37,13,16,70,2028,3.791,.071,.213,.024,.333,.132,4,0,80,1038,251,370,23,26,129,21,1,52,38,140,129,46,24,0,13,114,38,0,112,.234,479,.305,.365,.670,1,1,.500,16,51,1.00,0,36.85
668930,Brice Turang,player,116,Brice Turang,Brice,Turang,Brice,B Turang,158,MIL,Milwaukee Brewers,Brewers,NL,104,2B,Second Base,2B,619,195,222,5,3,.300,35,2,8,76,2470,3.990,.081,.170,.011,.476,.095,4,0,71,1150,161,462,19,46,184,11,0,67,64,155,136,72,24,4,7,105,50,1,142,.254,559,.316,.349,.665,6,50,.893,8,57,1.35,0,79.86
678882,Ceddanne Rafaela,player,117,Ceddanne Rafaela,Ceddanne,Rafaela,Ceddanne,C Rafaela,111,BOS,Boston Red Sox,Red Sox,AL,103,CF,Outfielder,SS,571,212,250,2,3,.312,43,7,8,66,2070,3.625,.026,.264,.026,.099,.143,10,0,74,1273,422,398,33,28,129,31,0,63,40,152,135,70,23,5,15,151,15,1,134,.246,544,.274,.390,.664,10,19,.655,8,75,0.96,0,36.27
683011,Anthony Volpe,player,118,Anthony Volpe,Anthony,Volpe,Anthony,A Volpe,147,NYY,New York Yankees,Yankees,AL,103,SS,Shortstop,SS,689,232,259,2,3,.303,46,4,9,85,2797,4.060,.061,.226,.017,.269,.121,6,0,86,1330,302,486,22,44,179,19,0,69,67,160,152,90,27,7,12,156,42,1,155,.243,637,.293,.364,.657,7,28,.800,9,60,1.18,1,53.08
650559,Bryan De La Cruz,player,119,Bryan De La Cruz,Bryan,De La Cruz,Bryan,B De La Cruz,134,PIT,Pittsburgh Pirates,Pirates,NL,104,RF,Outfielder,LF,622,224,237,0,5,.289,46,3,10,72,2394,3.849,.047,.273,.034,.171,.151,7,0,99,1279,384,419,18,29,137,26,0,74,36,149,146,61,25,0,21,170,29,1,136,.233,584,.271,.384,.655,2,5,.714,10,68,0.94,1,27.81
686217,Sal Frelick,player,119,Sal Frelick,Salvatore,Frelick,Sal,S Frelick,158,MIL,Milwaukee Brewers,Brewers,NL,104,RF,Outfielder,RF,524,159,176,2,1,.306,28,4,8,90,2046,3.905,.074,.149,.004,.500,.076,8,0,60,845,106,400,36,42,139,12,1,57,53,145,138,66,22,4,2,78,39,0,123,.259,475,.320,.335,.655,3,18,.857,8,32,1.01,3,237.50
657077,Alex Verdugo,player,121,Alex Verdugo,Alexander,Verdugo,Alex,A Verdugo,147,NYY,New York Yankees,Yankees,AL,103,LF,Outfielder,LF,621,199,271,2,10,.253,42,1,14,97,2342,3.771,.079,.150,.021,.527,.123,4,0,88,1041,162,478,24,46,190,22,0,61,47,149,158,74,28,1,13,93,49,0,130,.233,559,.291,.356,.647,1,2,.667,14,61,1.20,0,43.00
696285,Jacob Young,player,121,Jacob Young,Jacob,Young,Jacob,J Young,120,WSH,Washington Nationals,Nationals,NL,104,CF,Outfielder,CF,521,155,177,9,2,.321,28,12,11,74,1955,3.752,.058,.196,.006,.294,.075,4,0,48,838,160,377,17,37,155,10,2,50,58,150,102,75,24,1,3,102,30,0,120,.256,468,.316,.331,.647,10,33,.767,11,36,1.52,0,156.00
676694,Jake Meyers,player,123,Jake Meyers,Jacob,Meyers,Jake,J Meyers,117,HOU,Houston Astros,Astros,AL,103,CF,Outfielder,CF,513,166,236,3,4,.263,36,10,17,81,1817,3.542,.068,.228,.025,.299,.141,2,0,70,884,238,351,23,32,125,26,1,44,30,148,125,51,20,3,13,117,35,0,101,.219,461,.286,.360,.646,3,11,.786,17,61,1.00,0,35.46
665750,Leody Taveras,player,124,Leody Taveras,Leody,Taveras,Leody,L Taveras,140,TEX,Texas Rangers,Rangers,AL,103,CF,Outfielder,CF,529,169,216,3,4,.272,32,0,8,78,2008,3.796,.079,.212,.023,.375,.123,4,1,81,970,255,375,30,38,116,21,2,49,38,151,149,59,17,3,12,112,42,0,110,.229,480,.289,.352,.641,6,23,.793,8,44,0.78,0,40.00
665926,Andres Gimenez,player,125,Andres Gimenez,Andres,Gimenez,Andres,A Gimenez,114,CLE,Cleveland Guardians,Guardians,AL,103,2B,Second Base,2B,633,198,235,3,6,.286,32,15,11,110,2400,3.791,.041,.153,.014,.268,.087,5,2,78,1333,304,495,32,51,187,13,0,68,66,152,161,64,22,1,9,97,26,1,147,.252,583,.298,.340,.638,5,30,.857,11,63,1.16,0,64.78
666624,Christopher Morel,player,126,Christopher Morel,Christopher,Morel,Christopher,C Morel,139,TB,Tampa Bay Rays,Rays,AL,103,2B,Second Base,3B,611,185,240,0,5,.233,35,10,15,71,2352,3.849,.100,.260,.034,.384,.150,4,1,67,1105,377,381,45,33,131,29,1,34,41,152,145,56,11,3,21,159,61,3,105,.196,535,.288,.346,.634,7,8,.533,15,60,0.90,0,25.48
680869,Zack Gelof,player,127,Zack Gelof,Zachary,Gelof,Zack,Z Gelof,133,OAK,Oakland Athletics,Athletics,AL,103,2B,Second Base,2B,547,180,231,3,5,.296,39,4,7,63,2055,3.757,.069,.344,.031,.202,.151,2,0,65,1054,385,317,20,25,102,22,0,47,36,138,110,60,20,2,17,188,38,0,105,.211,497,.270,.362,.632,3,25,.893,7,49,0.93,0,29.24
606115,Orlando Arcia,player,128,Orlando Arcia,Orlando,Arcia,Orlando,O Arcia,144,ATL,Atlanta Braves,Braves,NL,104,SS,Shortstop,SS,602,195,254,1,7,.249,41,2,16,77,2332,3.874,.068,.213,.028,.320,.136,5,0,71,1143,303,431,37,40,163,21,0,47,52,157,148,50,24,0,17,128,41,1,120,.218,551,.271,.354,.625,0,2,1.000,16,46,1.10,0,32.41
672580,Maikel Garcia,player,129,Maikel Garcia,Maikel,Garcia,Maikel,M Garcia,118,KC,Kansas City Royals,Royals,AL,103,3B,Third Base,3B,626,191,204,4,5,.268,39,0,7,71,2360,3.770,.067,.165,.011,.408,.101,3,1,80,1017,159,481,16,60,192,18,1,68,46,157,156,84,27,5,7,103,42,0,133,.231,575,.281,.332,.613,2,37,.949,7,58,1.23,0,82.14
